{
  "accuracy": 0.9677751385589866,
  "precision": 0.9691117655240453,
  "recall": 0.9677751385589866,
  "f1": 0.9675293777592823,
  "method": "plain_cnn",
  "split": "test",
  "n_samples": 12630
}