{
  "accuracy": 0.9654790182106097,
  "precision": 0.9695180185230886,
  "recall": 0.9654790182106097,
  "f1": 0.9656079467903359,
  "method": "plain_cnn",
  "split": "test",
  "n_samples": 12630
}