{
  "method": "plain_cnn",
  "per_class": {
    "0": 0.9833333333333333,
    "1": 0.9833333333333333,
    "2": 0.996,
    "3": 0.9844444444444445,
    "4": 0.9696969696969697,
    "5": 0.9666666666666667,
    "6": 0.84,
    "7": 0.9355555555555556,
    "8": 0.9488888888888889,
    "9": 1.0,
    "10": 0.9939393939393939,
    "11": 0.969047619047619,
    "12": 0.9826086956521739,
    "13": 0.9958333333333333,
    "14": 1.0,
    "15": 1.0,
    "16": 1.0,
    "17": 1.0,
    "18": 0.8538461538461538,
    "19": 0.8166666666666667,
    "20": 0.9,
    "21": 0.6888888888888889,
    "22": 0.975,
    "23": 0.96,
    "24": 0.7555555555555555,
    "25": 0.9854166666666667,
    "26": 0.9277777777777778,
    "27": 0.5,
    "28": 0.9866666666666667,
    "29": 0.9555555555555556,
    "30": 0.94,
    "31": 0.9851851851851852,
    "32": 0.95,
    "33": 0.9952380952380953,
    "34": 1.0,
    "35": 0.9923076923076923,
    "36": 0.9833333333333333,
    "37": 0.9666666666666667,
    "38": 0.9985507246376811,
    "39": 0.9444444444444444,
    "40": 0.9666666666666667,
    "41": 0.8833333333333333,
    "42": 0.9666666666666667
  }
}