{
  "accuracy": [
    0.49765798449516296,
    0.8591051697731018,
    0.9272392988204956,
    0.9494238495826721,
    0.9631885886192322,
    0.9687060117721558,
    0.9718957543373108,
    0.9737635850906372,
    0.9748268723487854,
    0.976062536239624,
    0.9799132347106934,
    0.9781603217124939,
    0.9807752966880798,
    0.983534038066864,
    0.9833328723907471,
    0.982643187046051,
    0.9860053658485413,
    0.9870111346244812,
    0.9864938855171204,
    0.9857467412948608,
    0.984338641166687,
    0.9868099689483643,
    0.988332986831665,
    0.9906606674194336,
    0.9882180690765381,
    0.9871835112571716,
    0.9878157377243042,
    0.9900858998298645,
    0.9891951084136963,
    0.991120457649231
  ],
  "loss": [
    1.808301568031311,
    0.46230143308639526,
    0.24065223336219788,
    0.16485045850276947,
    0.12175387144088745,
    0.10080520808696747,
    0.086872898042202,
    0.07862633466720581,
    0.07629749178886414,
    0.07090815901756287,
    0.05988966301083565,
    0.0646645650267601,
    0.05575483664870262,
    0.05041419714689255,
    0.05160816013813019,
    0.052306730300188065,
    0.04172895848751068,
    0.0395437590777874,
    0.03992937505245209,
    0.04227469861507416,
    0.04627460613846779,
    0.03779591619968414,
    0.03379067778587341,
    0.02748536504805088,
    0.03513377532362938,
    0.040240734815597534,
    0.036847129464149475,
    0.02936425432562828,
    0.03271115571260452,
    0.027923068031668663
  ],
  "val_accuracy": [
    0.42698413133621216,
    0.9249433279037476,
    0.9575963616371155,
    0.9546485543251038,
    0.9664399027824402,
    0.9585034251213074,
    0.9646258354187012,
    0.9630385637283325,
    0.9770975112915039,
    0.9668934345245361,
    0.9782313108444214,
    0.97981858253479,
    0.9730158448219299,
    0.9789115786552429,
    0.9646258354187012,
    0.9782313108444214,
    0.9800453782081604,
    0.9693877696990967,
    0.978458046913147,
    0.9721088409423828,
    0.978458046913147,
    0.9714285731315613,
    0.9814059138298035,
    0.9814059138298035,
    0.9696145057678223,
    0.9800453782081604,
    0.9809523820877075,
    0.9494330883026123,
    0.9852607846260071,
    0.9884353876113892
  ],
  "val_loss": [
    1.977805495262146,
    0.2927630543708801,
    0.14505521953105927,
    0.13994340598583221,
    0.11353302001953125,
    0.11700595915317535,
    0.1049201563000679,
    0.11637012660503387,
    0.07581587135791779,
    0.10929258912801743,
    0.07817532122135162,
    0.0665893629193306,
    0.08966557681560516,
    0.07278627902269363,
    0.11955653876066208,
    0.07936359196901321,
    0.07291118800640106,
    0.1423482894897461,
    0.10159950703382492,
    0.08899608999490738,
    0.09715709835290909,
    0.13819646835327148,
    0.07394303381443024,
    0.08526365458965302,
    0.11891338229179382,
    0.06360232084989548,
    0.08420370519161224,
    0.2403881996870041,
    0.08639740943908691,
    0.06639425456523895
  ]
}