{
  "accuracy": 0.989944576405384,
  "precision": 0.9903617308252587,
  "recall": 0.989944576405384,
  "f1": 0.9899564999590649,
  "method": "stn_cnn",
  "split": "test",
  "n_samples": 12630
}