{
  "accuracy": 0.984006334125099,
  "precision": 0.9850958342536332,
  "recall": 0.984006334125099,
  "f1": 0.9837867899299415,
  "method": "stn_cnn",
  "split": "test",
  "n_samples": 12630
}