{
  "method": "stn_cnn",
  "per_class": {
    "0": 1.0,
    "1": 1.0,
    "2": 0.9986666666666667,
    "3": 0.9844444444444445,
    "4": 0.9954545454545455,
    "5": 0.9968253968253968,
    "6": 0.98,
    "7": 1.0,
    "8": 0.9777777777777777,
    "9": 1.0,
    "10": 0.9984848484848485,
    "11": 0.9904761904761905,
    "12": 0.9739130434782609,
    "13": 0.9972222222222222,
    "14": 1.0,
    "15": 1.0,
    "16": 1.0,
    "17": 0.9166666666666666,
    "18": 0.9923076923076923,
    "19": 1.0,
    "20": 1.0,
    "21": 0.9666666666666667,
    "22": 0.9166666666666666,
    "23": 1.0,
    "24": 0.9777777777777777,
    "25": 0.9958333333333333,
    "26": 1.0,
    "27": 1.0,
    "28": 1.0,
    "29": 0.9888888888888889,
    "30": 0.9933333333333333,
    "31": 0.9851851851851852,
    "32": 1.0,
    "33": 1.0,
    "34": 1.0,
    "35": 0.9974358974358974,
    "36": 1.0,
    "37": 1.0,
    "38": 0.9840579710144928,
    "39": 1.0,
    "40": 0.9888888888888889,
    "41": 1.0,
    "42": 0.9222222222222223
  }
}