{
  "accuracy": [
    0.2609557807445526,
    0.8879278302192688,
    0.9608896970748901,
    0.9726428985595703,
    0.9704014658927917,
    0.9783901572227478,
    0.9763786196708679,
    0.9779304265975952,
    0.9756027460098267,
    0.9886203408241272,
    0.9915227293968201,
    0.9903157949447632,
    0.9870111346244812,
    0.9908618330955505,
    0.989425003528595,
    0.9883617162704468,
    0.9875571131706238,
    0.9926722049713135,
    0.9943963885307312,
    0.9927583932876587,
    0.9938216805458069,
    0.9933906197547913,
    0.9935343265533447,
    0.9931319952011108,
    0.9955171346664429,
    0.994999885559082,
    0.9959769248962402,
    0.9959769248962402,
    0.9954308867454529,
    0.9954884052276611,
    0.9956320524215698,
    0.9962355494499207,
    0.9962930083274841,
    0.995718240737915,
    0.9961493015289307,
    0.9968677163124084,
    0.9964654445648193,
    0.9958332180976868,
    0.9965516328811646,
    0.9965229034423828
  ],
  "loss": [
    3.4746949672698975,
    0.842637836933136,
    0.5119184851646423,
    0.41514745354652405,
    0.3932330012321472,
    0.367078959941864,
    0.36564695835113525,
    0.3551734983921051,
    0.3821808397769928,
    0.32332855463027954,
    0.24423085153102875,
    0.21687524020671844,
    0.22447511553764343,
    0.19842125475406647,
    0.1870003044605255,
    0.1921372413635254,
    0.19456243515014648,
    0.17448176443576813,
    0.143048495054245,
    0.13481852412223816,
    0.1216692253947258,
    0.12018546462059021,
    0.11428503692150116,
    0.10771375149488449,
    0.10017745196819305,
    0.09063168615102768,
    0.08229068666696548,
    0.0743621215224266,
    0.07558243721723557,
    0.07084603607654572,
    0.06733877211809158,
    0.06344708055257797,
    0.06011376529932022,
    0.05911381170153618,
    0.0560060553252697,
    0.05302498862147331,
    0.0532272532582283,
    0.05311974883079529,
    0.05108635127544403,
    0.04941529408097267
  ],
  "val_accuracy": [
    0.6321995258331299,
    0.9773242473602295,
    0.9750567078590393,
    0.9859410524368286,
    0.9741496443748474,
    0.9696145057678223,
    0.9673469662666321,
    0.9832199811935425,
    0.9340136051177979,
    0.9877551198005676,
    0.9913831949234009,
    0.9916099905967712,
    0.9861677885055542,
    0.9870748519897461,
    0.9616780281066895,
    0.9907029271125793,
    0.976643979549408,
    0.9829931855201721,
    0.9941043257713318,
    0.9777777791023254,
    0.9832199811935425,
    0.980272114276886,
    0.9916099905967712,
    0.9859410524368286,
    0.9938775300979614,
    0.9843537211418152,
    0.9904761910438538,
    0.9929705262184143,
    0.9920634627342224,
    0.9931972622871399,
    0.9927437901496887,
    0.9920634627342224,
    0.9913831949234009,
    0.9913831949234009,
    0.994557797908783,
    0.9929705262184143,
    0.9891156554222107,
    0.9950113296508789,
    0.9934240579605103,
    0.9959183931350708
  ],
  "val_loss": [
    2.680664300918579,
    0.5436629056930542,
    0.4429466128349304,
    0.353788286447525,
    0.391218900680542,
    0.47451040148735046,
    0.4046802222728729,
    0.3437792658805847,
    0.6755800843238831,
    0.30203977227211,
    0.24910151958465576,
    0.20620185136795044,
    0.25058603286743164,
    0.21646538376808167,
    0.2774505913257599,
    0.18482115864753723,
    0.26166024804115295,
    0.19922815263271332,
    0.14740613102912903,
    0.1854683756828308,
    0.17714661359786987,
    0.19404251873493195,
    0.12566299736499786,
    0.13476333022117615,
    0.10942499339580536,
    0.13563308119773865,
    0.10408281534910202,
    0.08699839562177658,
    0.08933094143867493,
    0.08161908388137817,
    0.08411291986703873,
    0.08862467110157013,
    0.08147197216749191,
    0.08460617065429688,
    0.06952892988920212,
    0.07067269086837769,
    0.08996528387069702,
    0.06578592211008072,
    0.06653036922216415,
    0.058506619185209274
  ],
  "learning_rate": [
    0.0010000000474974513,
    0.0010000000474974513,
    0.0010000000474974513,
    0.0010000000474974513,
    0.0010000000474974513,
    0.0010000000474974513,
    0.0010000000474974513,
    0.0010000000474974513,
    0.0010000000474974513,
    0.0005000000237487257,
    0.0005000000237487257,
    0.0005000000237487257,
    0.0005000000237487257,
    0.0005000000237487257,
    0.0005000000237487257,
    0.0005000000237487257,
    0.0005000000237487257,
    0.0002500000118743628,
    0.0002500000118743628,
    0.0002500000118743628,
    0.0002500000118743628,
    0.0002500000118743628,
    0.0002500000118743628,
    0.0002500000118743628,
    0.0001250000059371814,
    0.0001250000059371814,
    0.0001250000059371814,
    0.0001250000059371814,
    0.0001250000059371814,
    6.25000029685907e-05,
    6.25000029685907e-05,
    6.25000029685907e-05,
    6.25000029685907e-05,
    6.25000029685907e-05,
    3.125000148429535e-05,
    3.125000148429535e-05,
    3.125000148429535e-05,
    3.125000148429535e-05,
    3.125000148429535e-05,
    3.125000148429535e-05
  ]
}