{
  "accuracy": 0.9031670625494853,
  "precision": 0.9085993798777517,
  "recall": 0.9031670625494853,
  "f1": 0.8995093510196823,
  "method": "rf_hog",
  "split": "test",
  "n_samples": 12630
}