{
  "method": "rf_hog",
  "per_class": {
    "0": 0.31666666666666665,
    "1": 0.8513888888888889,
    "2": 0.9453333333333334,
    "3": 0.7222222222222222,
    "4": 0.9454545454545454,
    "5": 0.8111111111111111,
    "6": 0.72,
    "7": 0.9133333333333333,
    "8": 0.8733333333333333,
    "9": 0.98125,
    "10": 0.990909090909091,
    "11": 0.9357142857142857,
    "12": 0.9956521739130435,
    "13": 0.9972222222222222,
    "14": 0.9148148148148149,
    "15": 0.9952380952380953,
    "16": 0.9466666666666667,
    "17": 0.9777777777777777,
    "18": 0.9256410256410257,
    "19": 0.9833333333333333,
    "20": 0.8333333333333334,
    "21": 0.6333333333333333,
    "22": 0.7333333333333333,
    "23": 0.8866666666666667,
    "24": 0.5666666666666667,
    "25": 0.9833333333333333,
    "26": 0.7888888888888889,
    "27": 0.3,
    "28": 0.9133333333333333,
    "29": 0.5111111111111111,
    "30": 0.42,
    "31": 0.9777777777777777,
    "32": 0.8666666666666667,
    "33": 0.9952380952380953,
    "34": 0.9916666666666667,
    "35": 0.9794871794871794,
    "36": 0.9416666666666667,
    "37": 0.7833333333333333,
    "38": 0.9898550724637681,
    "39": 0.9888888888888889,
    "40": 0.8222222222222222,
    "41": 0.5333333333333333,
    "42": 0.6111111111111112
  }
}